customer_id,customer_name
1,	FatmaHilal		Ekercan
2,	Halid		Çakici
3,	Aydonat		Gönay
4,	SeherIrem		Davutoglu
5,	Abdulsamet		Kilmen
6,	Saime		Karabiyik
7,	MehmetBugrahan		Egin
8,	Muktedir		Kayacan
9,	RümeysaIrem		Güven
10,	OnurAbdi		Atescan
11,	Ümit		Hadi
12,	Gülsanem		Dönder
13,	Lale		Gemalmaz
14,	ErkDeha		Çapa
15,	RümeysaIrem		Girgin
16,	SeliMSharef		Bastopçu
17,	Menekse		Caner
18,	FaikAltug		Görgüner
19,	Samed		Kanmaz
20,	ZehraPelin		Egeli
21,	MelikeDilara		Gümüssoy
22,	HayriAnil		Barbaros
23,	Gülenay		Kirtay
24,	Hami		Bilal
25,	Hülya		Erki
26,	Özen		Imamoglu
27,	OnurTaylan		Çelikkol
28,	Saziye		Dur
29,	Çelik		Hamarat
30,	DilsadNur		Bülend
31,	BüsraHazal		Dönder
32,	ElifBeyza		Aydogdu
33,	YasinBurak		Erkovan
34,	Taçmin		Hafiz
35,	HaticeBüsra		Bozdag
36,	Paksoy		Gülsen
37,	Neva		Çolak
38,	Latife		Bekaroglu
39,	Sakip		Bent
40,	MehmetBaris		Kargin
41,	Öktem		Devecel
42,	SelmaSimge		Gilim
43,	EcePinar		Kasaci
44,	HasanFahri		Hadi
45,	Edip		Cosan
46,	Meltem		Ercüment
47,	Gülenay		Kaynamis
48,	Coskun		Diri
49,	Zülal		Baykal
50,	Didem		Aruca
51,	KübraTansu		Imamoglu
52,	MehmetHan		EdibaliMp
53,	Çilay		Karaismail
54,	Hülya		Ayci
55,	Dalay		Kizilirmak
56,	Tilbe		Kilmen
57,	CemEfe		Atescan
58,	Gülsanem		Çuhadar
59,	Nilüfer		Dayioglu
60,	ÖmerOkan		Boylu
61,	SeliMSharef		Arikan
62,	CemOzan		Dasdemir
63,	Safa		Güllüce
64,	Cankiz		Gebologlu
65,	Elanaz		Ayaz
66,	Ilgaz		Hacilar
67,	Özgün		Emikoglu
68,	Fazilet		Demiriz
69,	OsmanYasin		Balioglu
70,	HanifeDuygu		Bilgi
71,	Günes		Göreke
72,	Örsel		Görgülü
73,	MustafaBurhan		Kavak
74,	Seyit		Kirbiyik
75,	Güçlü		Düsenkalkar
76,	SevgiTutku		Kalsin
77,	FatmaBüsra		Çerçi
78,	SafaAhmet		Büyükgüngör
79,	Kazim		Dagar
80,	AbdullahAtakan		Hamamcioglu
81,	Miraç		Kocabas
82,	Samed		Bekaroglu
83,	Sena		Bagçivan
84,	Büsranur		Diri
85,	Iptal		Büyükfirat
86,	Belin		Baydil
87,	AhmetKorhan		Çapa
88,	Birgen		Çekmeci
89,	SalihaCanan		Belge
90,	Haldun		Derya
91,	Kubra		DeliChasan
92,	Büsra		Asci
93,	NeslihanBusra		Hacialioglu
94,	Kubra		Gürdemir
95,	SevgiTutku		Çaprak
96,	Elvan		DeliChasan
97,	HaciBayramUfuk		Güntek
98,	Adem		Çaglayan
99,	Sensoy		Bilgeç
100,	YusufSüha		Hamidi
101,	Nunazli		Kildir
102,	SeungHun		Çetintas
103,	BagisCan		Horata
104,	Latife		Çingir
105,	Süheda		Erkekli
106,	Yalçin		Ezber
107,	OnurTaylan		Kotan
108,	Mehmetali		Güdücü
109,	Sanber		Inal
110,	Hayat		Askin
111,	Süheda		Kadoglu
112,	Ilgaz		Gürel
113,	HilalEbru		Karacan
114,	YargiYekta		Çikikci
115,	Balin		Ay
116,	Gülsanem		Erzurumlu
117,	Kazim		Ipçizade
118,	Hulki		Güleç
119,	MehmetKemal		Kavukçu
120,	Behin		Bent
121,	Toykan		Begiç
122,	Ecren		Çamas
123,	Sömer		Hilmi
124,	SabihaElvan		Döger
125,	YansiHilal		Gazitepe
126,	IlgarPamir		Gönül
127,	HanifeNur		Çiray
128,	Hürel		Eruzun
129,	AlperEmin		Egin
130,	Çisel		Eyyupoglu
131,	HaticeGamze		Güneyi
132,	Nilüfer		Ginoviç
133,	AyseZeyneb		Çekmecelioglu
134,	MertAlican		Hacilar
135,	GüngörErkin		Bölge
136,	AbdullahAtakan		Kerem
137,	Sidar		Karakan
138,	NazimBerke		Begiç
139,	Ertug		Gülebakan
140,	Necati		Kardas
141,	ElifKevser		Ayrim
142,	Hüner		Gülenç
143,	NecipFazil		Aruca
144,	SafaAhmet		Eshaqzada
145,	Balkin		Kayali
146,	AlperEmin		Avsar
147,	Tubanur		Harmankaya
148,	Çisem		Kirkpinar
149,	SafaAhmet		Demiroglu
150,	Turan		Kararti
151,	Efecan		Gülsen
152,	Yalçin		Erbul
153,	Bensu		Dinçtürk
154,	MustafaBerkay		Kavak
155,	Tevfik		Karabulut
156,	NazimOrhun		AvciÖzsoy
157,	MustafaBurhan		Koparan
158,	Gülser		Kalyoncu
159,	IlgarPamir		Ipekoglu
160,	Sahabettin		Bayrakoglu
161,	MustafaFurkan		Emikoglu
162,	Aybike		AvciÖzsoy
163,	CemEfe		Kararti
164,	EsmaEce		Çamas
165,	Doguscan		Batuk
166,	AbdullahMert		Askin
167,	ÖzerSeçkin		Kabayuka
168,	Samed		Aruca
169,	FatmaHilal		Karakaya
170,	ElifEtga		Karacabey
171,	HaticeGamze		Karacabey
172,	Özgün		Döner
173,	EyüpOrhun		Kayali
174,	SenaNur		Kayhan
175,	Manolya		Çeliker
176,	Serife		Bugdaypinari
177,	ÖmerOkan		Karacan
178,	Yücel		Kirmizi
179,	Oltun		Efsin
180,	Mehmet		Girgin
181,	Altan		Karabag
182,	BerfinDilay		Ipekoglu
183,	Seren		Caner
184,	ResmiyeElif		Bilgi
185,	MustafaTaha		Bozyer
186,	Özgün		Çagan
187,	Yalçin		Erkosan
188,	Behin		Kirtas
189,	Sevtap		Gilim
190,	Mimoza		Çitfçi
191,	Doguscan		Bent
192,	Gülenay		Çinaroglu
193,	Mehmet		Fatih
194,	SefaKadir		Elbasi
195,	ZehraPelin		Baran
196,	Armagan		Bekaroglu
197,	Meltem		Dündar
198,	Dogangün		Kirezçik
199,	Zülal		Kayahan
200,	Hamid		Bulgan
201,	MertCem		Ishakoglu
202,	Gönül		Kirbiyik
203,	AyseNeslihan		Kayahan
204,	ElifNisan		Aviandi
205,	KaanMuharrem		Bahçeli
206,	Arca		Erzurumlu
207,	Eylem		Büyükgüngör
208,	Halime		Kerimov
209,	Köksal		Hizarcioglu
210,	AfraSelcen		Barbaros
211,	IbrahimOnat		Güllüce
212,	Pirilti		Gökhan
213,	Kivanç		Çelebican
214,	Pirilti		Guguk
215,	Seniz		Kefal
216,	MehmetYekta		Irsoy
217,	Ilkim		Dönmez
218,	Remzi		Çinar
219,	Mehmetali		Konakoglu
220,	Hamit		Gezmis
221,	Sanber		Dagar
222,	Zerin		Çitfçi
223,	Efecan		Girgin
224,	ElifEge		Babacan
225,	AbdullahMert		Düzbayir
226,	Firuze		Boya
227,	GüngörErkin		Avsar
228,	Dinçol		Hamzaoglu
229,	MehmetBaris		Çark
230,	MuhammetRasit		Büyükfirat
231,	Dinçol		Dagbag
232,	Öznur		Gülsen
233,	Alaatin		Çeliker
234,	Hayrunnisa		Bozdemir
235,	Akife		Eryilmaz
236,	Pirilti		Dündar
237,	Feray		Davutoglu
238,	Ayben		Bülent
239,	TurhanOnur		Demirsatan
240,	FurkanFatih		Isgüzar
241,	AliIsmail		Eliçin
242,	Merter		Ay
243,	MustafaDogukan		Bülent
244,	Olgun		Günel
245,	Emircan		Karakaplan
246,	ElifBeyza		Arif
247,	MehmetYekta		Kayhan
248,	Örgün		Kabukçu
249,	MustafaEmir		Güzel
250,	Tilbe		Çini
251,	Selman		Basar
252,	Ilgaz		Kiris
253,	AlperEmin		Eroglu
254,	SeraCansin		Geçkin
255,	SeraCansin		Bozdag
256,	Adem		Erzurumlu
257,	ZeynepNihan		Hüner
258,	Paksoy		Girgin
259,	Parla		Göreke
260,	YusufSüha		Çini
261,	IsmailEnes		Bagci
262,	Bergüzar		Atan
263,	Ruhugül		Halaçoglu
264,	Kivilcim		Canuyar
265,	Öznur		Durak
266,	Toykan		Karakoca
267,	Özen		Ceran
268,	FatmaHilal		Çitfçi
269,	BaharCemre		Düzbayir
270,	AynurDilan		Kargin
271,	Ilgaz		Eliçin
272,	SerdarKaan		Güven
273,	Nehar		Çaprak
274,	Ezel		Bozdemir
275,	Gülçe		Boztepe
276,	Çagkan		Göreke
277,	OnurTaylan		Armutcu
278,	Çisel		Erek
279,	Gönülgül		Göksoy
280,	MehmetHan		Iricioglu
281,	Ayben		Ilisu
282,	DilsadNur		Dökülmez
283,	Bergüzar		Kayali
284,	Ezgin		Azbay
285,	IbrahimHakki		Arpaci
286,	ZeynepNihan		Gürdemir
287,	AhmetMehdi		Güllüce
288,	AynurDilan		Hanci
289,	Özgür		Babacan
290,	MehmetBugrahan		Berberoglu
291,	DilsadNur		Eroglu
292,	Halid		Aslantürk
293,	AhmetKorhan		Kamisli
294,	Irazhakkina		AydoganYozgat
295,	Kivanç		Çekmecelioglu
296,	EyüpOrhun		Kocabiyik
297,	Hürel		Erkovan
298,	DilsadNur		Kavas
299,	MelekDiler		Güven
300,	Rekin		Gebologlu
301,	Mihrinaz		Elbasi
302,	Tunca		Koçsoy
303,	TaylanRemzi		Kizilca
304,	AhmetFurkan		Kirtay
305,	Vedia		Çonay
306,	ZeynepNihan		Gümüssoy
307,	Bensu		Karakan
308,	Kurtbey		Ercoskun
309,	Taçmin		Fatih
310,	Erem		Denizgünü
311,	Isinbike		Kerigan
312,	Özgün		Girgin
313,	Nihan		Ege
314,	S.Kaancan		Bali
315,	Berhudan		Kayahan
316,	ZeynepDoga		Kirbiyik
317,	MahmutBilal		Karasapan
318,	Saba		Çulhaoglu
319,	Güçlü		Inceoglu
320,	SeraCansin		Ertepinar
321,	AbdullahAtakan		Çarici
322,	Barin		Asil
323,	Yelda		Findik
324,	Arkan		Bagci
325,	Balin		Görgülü
326,	Seren		Keçe
327,	AyseNeslihan		Golba
328,	Yeter		Kizil
329,	YaseminErva		Koçak
330,	Ahenk		Ayrim
331,	Belin		Erol
332,	Ruhugül		Çini
333,	EmirDogan		Halaçoglu
334,	Tugce		Kirtas
335,	Feray		Ishakoglu
336,	Çagin		Eshaqzada
337,	Ayben		Kizilirmak
338,	HasanBurak		Gülçin
339,	BurçinKübra		Ibrahim
340,	SabihaElvan		Kocabiyik
341,	Neva		Kayahan
342,	Nunazli		Çivici
343,	MustafaFurkan		Ilhan
344,	Pirilti		Dalli
345,	MelekDiler		Kirtas
346,	ErolÖzgür		Atol
347,	Fetullah		Kadoglu
348,	FatmaHilal		Begenilmis
349,	BerfinDilay		Çiçekli
350,	Sezer		Kirezçik
351,	Elife		Bilgi
352,	Öget		Dayioglu
353,	FatmaSena		Ercüment
354,	Ayman		Baykal
355,	Nilüfer		Cibooglu
356,	Berrak		Girgin
357,	MustafaKerem		Burabak
358,	Ilkin		Gülenç
359,	Batiray		Kilinçarslan
360,	EsatErdem		Kirkpinar
361,	ZehraPelin		Çamas
362,	Saba		Bölge
363,	Bayar		Erkovan
364,	Pekin		Karabiyik
365,	Firuze		Dündar
366,	Ödül		Geben
367,	Acun		Girgin
368,	ÇisilHazal		Koskulu
369,	EmineSelcen		Göreke
370,	Ongar		Kamisli
371,	Zerin		Aykan
372,	KaanMuharrem		Babacan
373,	Didem		Karabag
374,	Günan		Gültepe
375,	Toykan		Çagan
376,	AsyaSema		Girgin
377,	Merter		Kizilirmak
378,	Mihrinaz		Bugey
379,	BüsraHazal		Kavak
380,	MehmetEnes		Choi
381,	Kerime		Bölge
382,	Ilgaz		Findikçi
383,	MehmetAnil		Buyuran
384,	FazilErem		Erten
385,	Behin		Kerem
386,	Hayat		Battal
387,	Isçan		Düsenkalkar
388,	Oguzcan		Birgili
389,	Arkan		Güleç
390,	Bengisu		Erkosan
391,	EyüpOrhun		Hafiz
392,	CemEfe		Erkoç
393,	Çisel		Bilgir
394,	Hulki		Ceran
395,	Turan		Bilal
396,	SeungHun		Berker
397,	KubilayBaris		Kocabiyik
398,	Selman		Dönmez
399,	Ilgaz		Karabiyikli
400,	SalihaZeynep		Çakanel
401,	Sezer		Bölge
402,	MertGörkem		Arpaci
403,	Alaatin		Imre
404,	ZeynepSenahan		Bagçivan
405,	IhsanVehbi		Delice
406,	Denktas		Ekrem
407,	Özalp		Demirören
408,	HüsneAysun		Gülebakan
409,	Günan		Canuyar
410,	Kerime		Güllüce
411,	NecipFazil		Karabacak
412,	DervisHaluk		Karabiyikli
413,	Sahan		Çelikagi
414,	EcePinar		Biriz
415,	Iltem		Göven
416,	Abdullatif		Aykan
417,	HaticeGamze		Ishakoglu
418,	MehmetEnes		Azbay
419,	Birgen		Baykan
420,	AynurGül		Çolak
421,	IlgarPamir		Askin
422,	Günan		Diri
423,	Özgür		Eryilmaz
424,	GülSena		Görür
425,	Paksoy		Edes
426,	MelisEzgi		Çagan
427,	Kivanç		Hüner
428,	LütfiyeSena		Batga
429,	DervisHaluk		Dalkiliç
430,	KeremCahit		Çelenlioglu
431,	Gökay		Edes
432,	Yeter		Çakan
433,	Tarik		Kocademir
434,	Ilgaz		Çelik
435,	Turan		Demirsatan
436,	Edip		Canuyar
437,	Sena		Eshaqzada
438,	Ruhugül		Inceoglu
439,	Aleda		Erkovan
440,	Memet		Canbagi
441,	Ibrahim		Denizgünü
442,	OsmanSinan		Çuhadar
443,	KuntayYigit		Çomu
444,	Öktem		Kayar
445,	ÇagriAtahan		Güzeller
446,	HaticeBüsra		Esat
447,	Meltem		Güneri
448,	KuntayYigit		Bastepe
449,	Arslan		Hakverdi
450,	EmirDogan		Erkovan
451,	GüngörErkin		Görgülü
452,	Firuze		EdibaliMp
453,	Necati		Gürses
454,	YigitAlperen		Kayali
455,	Gülten		Koçak
456,	Menekse		Cosandal
457,	Toykan		Dayioglu
458,	Nihan		Güzeloglu
459,	Ezel		Aydinlioglu
460,	IlgarPamir		Gezmis
461,	AliIsmail		Hakverdi
462,	CemEfe		Gümüssoy
463,	ElifEge		Gülenç
464,	MehmetYekta		Balioglu
465,	Elvan		Inal
466,	Senay		Bent
467,	Abdulbaki		Gülsen
468,	HalukBaris		Koçsoy
469,	Rukiye		AvciÖzsoy
470,	DilsadNur		Isinay
471,	Gülser		Erkosan
472,	ZehraPelin		Armutcu
473,	Seyit		Batga
474,	Meltem		Çelikkol
475,	Gülenay		Cumali
476,	Hüner		Döner
477,	Yaprak		Çonay
478,	Gürbüz		Gürel
479,	MustafaBurhan		Gürdemir
480,	Oltun		Güllüce
481,	Banuhan		Çivici
482,	BagisCan		Eryildiz
483,	Haldun		Durmusoglu
484,	Ayla		Erkekli
485,	Ergün		Babacan
486,	MertAlican		Ibrahim
487,	Suna		Karabulut
488,	ZekiYigithan		Arikan
489,	Mehpare		Delice
490,	Daghan		Karalar
491,	BehçetKutay		Dönder
492,	HayriAnil		Eruzun
493,	Goncagül		Eyipisiren
494,	Burç		Dalli
495,	Didem		Boyuktas
496,	Kerime		Furuncuoglu
497,	EcePinar		Kayahan
498,	Behin		Horata
499,	MehmetGökalp		Çamas
500,	Latife		Hirlak
501,	Elvan		Karademir
502,	Menekse		Güral
503,	Sansal		Kirezçik
504,	MehmetYekta		Keteci
505,	Kurtbey		Efsin
506,	Köksal		Gültas
507,	Barin		Karademir
508,	Alya		Gökçeaslan
509,	Benek		Kabukçu
510,	YansiHilal		Hamidi
511,	Hami		Dönmez
512,	Süheyl		Ercüment
513,	Köksal		Berker
514,	Karanalp		Karadalan
515,	Saziye		Ceylan
516,	Selman		Dudu
517,	Zümra		Gülkan
518,	Sahan		Gönay
519,	Zerin		Baykan
520,	Ogün		Eshaqzada
521,	Öget		Hakverdi
522,	Halime		Isgüzar
523,	Gülçe		Hopaci
524,	Cankiz		Çarici
525,	Özgür		Devecel
526,	Köksal		Karabacak
527,	Sensoy		Erbay
528,	Mimoza		Içten
529,	Daghan		Gençoglu
530,	ElifFeyza		Cibooglu
531,	Çisem		Erkoç
532,	YansiHilal		Bilgir
533,	Didem		Döger
534,	Balkin		Çagatay
535,	MertCem		Çark
536,	UluçEmre		Çotur
537,	ÖmerFaruk		Güneri
538,	Oltun		Aruca
539,	TaylanRemzi		Düzbayir
540,	Balkin		Erol
541,	Tarik		Gülsen
542,	Benek		Gülcan
543,	Yücel		Bilgi
544,	OsmanCihan		Davutoglu
545,	Berhudan		Kilmen
546,	Dilhan		Kizmaz
547,	MuhammedIkbal		Avsar
548,	EvrenBurak		Hilal
549,	Hami		Kararti
550,	Belit		Isgüzar
551,	Arzucan		Kantarci
552,	ElifNisan		Baykan
553,	Sueda		Kiziltug
554,	Sebiha		Esendemir
555,	Meltem		Içten
556,	Denktas		Çikikci
557,	Arca		Gödek
558,	Ates		Kesbiç
559,	MehmetHan		Çarici
560,	Gülser		Çolak
561,	Sansal		Çagatay
562,	Yelda		Fatih
563,	Atak		Erzurumlu
564,	ZeynepFigen		Gödek
565,	Kubra		Karadalan
566,	Arzucan		Eruzun
567,	FatmaSena		Kondakcioglu
568,	Mahperi		Güneyi
569,	Çelik		Kayacan
570,	Alaatin		Karademir
571,	Coskun		Davutoglu
572,	DogaElif		Harmankaya
573,	Nihal		AydoganYozgat
574,	Didem		Babacan
575,	CeyhunKadir		Civan
576,	Gülçe		Fahri
577,	Dogangün		Göçmen
578,	Karanalp		Kirkpinar
579,	MehmetAnil		Guguk
580,	Lal		Gebologlu
581,	MustafaBurhan		Aviandi
582,	Selman		Attila
583,	YasinBurak		Karacabey
584,	Menekse		Karabacak
585,	Yigithan		Esen
586,	Dilhan		Aysan
587,	Bayar		Gökhan
588,	Latife		Bugdaypinari
589,	Perihan		Bagçivan
590,	ZeynepBüsra		Gülkan
591,	HilalEbru		Berk
592,	AydinMert		Kiziltug
593,	UgurAli		Babadostu
594,	MehmetTarik		Kontaci
595,	MahmutOnur		Ekercan
596,	ZekiYigithan		Erkek
597,	Fazilet		Güzeloglu
598,	Belin		Ay
599,	Parla		Güntek
600,	Özgün		Erten
601,	AsyaSema		Korkmazcan
602,	ÇagriAtahan		Çalim
603,	Safa		Güzel
604,	Zülal		Çikikci
605,	Balin		Hafiz
606,	Nesli		Kirezçik
607,	HaciBayramUfuk		Gülenç
608,	KübraTansu		Karabacak
609,	RubabeGökçen		Çagatay
610,	Elzem		Bural
611,	MertAlican		Karalar
612,	Çisel		Batuk
613,	ÖmerOkan		Kantarci
614,	Iptal		Çingir
615,	Askim		Imre
616,	Nun		Keles
617,	Sahabettin		Bekaroglu
618,	Ayseren		Kiziltug
619,	AhmetFurkan		Hamidi
620,	MahmutOnur		Hakverdi
621,	Ezel		Ayci
622,	Isinbike		Kiziltug
623,	AbdullahEmirhan		Evrenos
624,	ElifKevser		Kildir
625,	AhmetSencer		Görür
626,	ÖzgeGizem		Denizgünü
627,	VolkanEyüp		Erim
628,	Toykan		Kisin
629,	Benek		Bozyer
630,	Taçmin		Güdücü
631,	Örsel		Bilal
632,	Lale		Esat
633,	Serife		Çelik
634,	Ilgaz		Atol
635,	Sansal		Koçak
636,	Latife		Keles
637,	AynurDilan		Erbil
638,	Ishak		Kizilirmak
639,	Özgün		Erkovan
640,	Tugce		Kisin
641,	Öymen		Biriz
642,	MertGörkem		Boz
643,	EyüpOrhun		Choi
644,	Ibrahim		Kerigan
645,	Sanber		Güres
646,	Aleda		Kavasoglu
647,	Ertug		Karabulut
648,	Elvan		Keçe
649,	Enver		Efsin
650,	Balkin		Kandasoglu
651,	Erem		Balci
652,	Naci		Bad
653,	Meltem		Dogramaci
654,	HayriAnil		Attila
655,	Yeter		Çanga
656,	Eylem		Kararti
657,	Sömer		Bahçeli
658,	Saba		Düsenkalkar
659,	YaseminErva		Kerem
660,	HanifeNur		Bural
661,	MehmetYekta		Büyükgüngör
662,	MustafaSefa		Garip
663,	AhmetGazi		Ciddi
664,	SeydaNur		Gençoglu
665,	IbrahimOnat		Demirören
666,	Nun		Çuhadar
667,	NazimOrhun		Gülsen
668,	Mürside		Isinay
669,	Hulki		Erin
670,	Örsel		Kapsiz
671,	ÖmerOkan		Çalim
672,	Olgun		Göymen
673,	Ümit		Cigerlioglu
674,	AhmetCan		Karaaslanli
675,	Yesim		Eryilmaz
676,	Abdullatif		Güneyi
677,	IbrahimHakki		Karakaplan
678,	Ferdacan		Horata
679,	MuazzezEce		Çalim
680,	Aygün		Günel
681,	Sevginur		Keles
682,	TaylanRemzi		Çintan
683,	MertGörkem		Çaprak
684,	Almina		Çintan
685,	SeliMSharef		Atescan
686,	Mehpare		Erbay
687,	Mahperi		Dalli
688,	AbdullahAtakan		Kayhan
689,	Köksal		Gökçek
690,	Tubanur		Bekaroglu
691,	SeungHun		Hamarat
692,	Melike		Eryilmaz
693,	BüsraHazal		Karakan
694,	Ayla		Ayaz
695,	BehçetKutay		Eshaqzada
696,	IbrahimCandas		Begenilmis
697,	Doktora		Kaynamis
698,	Hüner		Ipekoglu
699,	TazikaHilal		Eryildiz
700,	IrfanAnil		Bargan
701,	Yalçin		Boylu
702,	YaseminErva		Derdemez
703,	KübraTansu		Canbagi
704,	MahmutOnur		Deliloglu
705,	Belin		Içten
706,	OnurKerem		Karakaplan
707,	Askim		CanAkçaözoglu
708,	ElifEtga		Geben
709,	TaylanRemzi		Devrim
710,	FatmaHilal		DeliChasan
711,	ResmiyeElif		Ipçizade
712,	Tugra		Ipekoglu
713,	HaleNur		Atmaca
714,	Edip		Binbay
715,	Hulki		Esendemir
716,	Sevginur		Esgin
717,	Ibrahim		Ezber
718,	Mahire		Düsenkalkar
719,	Ezgin		Erbul
720,	Özgen		Eliçin
721,	Aleda		Beydag
722,	Ridvan		Çingir
723,	YigitAlperen		Baran
724,	Elvan		Karanisoglu
725,	FurkanFatih		Berk
726,	Ödül		Güzel
727,	Bensu		Devrim
728,	Elife		Canbek
729,	Esim		Batga
730,	ÖzerSeçkin		Kayali
731,	AbdullahMert		Ishakoglu
732,	SeungHun		Esen
733,	Ates		Kerigan
734,	Onay		Gökçeaslan
735,	ÖmerOkan		Ates
736,	MehmetKemal		Çeliker
737,	Öymen		Çingir
738,	Elife		Ceylan
739,	Ridvan		Boz
740,	Gönül		Kapsiz
741,	BerfuIrem		Çini
742,	SametEmre		Çanga
743,	Ezel		Ezber
744,	Fetullah		Kandasoglu
745,	Ahusen		Dalkiliç
746,	Abdulbaki		Erkoç
747,	ElifBeyza		Dur
748,	Nadire		Ersöz
749,	Belit		Çaylar
750,	Senay		Esendemir
751,	Akife		Düsenkalkar
752,	HilalEbru		EdibaliMp
753,	Çisem		Eyyupoglu
754,	MehmetEnes		Egeli
755,	NeslihanBusra		Görgülü
756,	Denizhan		Cosan
757,	Gökay		Dursun
758,	OnurTaylan		Güven
759,	AliAydin		Çotur
760,	Memet		Çitfçi
761,	ElifKevser		Babacan
762,	Ates		Döger
763,	MustafaEmir		Divarci
764,	MertGörkem		Eruzun
765,	Alim		Kirtay
766,	Okyanus		Karasapan
767,	HayriyeGül		Bekaroglu
768,	Remzi		Bülbül
769,	Gülten		Hizarcioglu
770,	SadikCan		Deliloglu
771,	AhmetFurkan		Bölge
772,	Süheda		Kizilkaya
773,	DervisHaluk		Guguk
774,	LütfiyeSena		AydoganYozgat
775,	MustafaAli		Bastepe
776,	Doktora		Kilçadir
777,	Mimoza		Ibrahim
778,	Ersin		Keskin
779,	Serife		Ishakoglu
780,	YargiYekta		Baykus
781,	HalukBaris		Aslantürk
782,	Omaç		Çuhadar
783,	Emircan		Hamamcioglu
784,	Ayman		Göven
785,	Mahire		Atok
786,	Vedia		Çetintas
787,	RefiyeSeda		Kanli
788,	MehmetYekta		Karga
789,	AliIsmail		Çaylar
790,	Omaç		Girgin
791,	Ahusen		Erbul
792,	HaticeGamze		Boztepe
793,	HanifeNur		Gemalmaz
794,	Sezer		Ersin
795,	MehmetGökalp		Güleryüz
796,	Parla		Kavukçu
797,	Sevtap		Dal
798,	Saba		Babacan
799,	RamazanTarik		Kaçaranoglu
800,	AyselAysu		Baluken
801,	AlperEmin		Çetintas
802,	Selime		Kanmaz
803,	Süheda		Aydinlioglu
804,	Sezer		Güzel
805,	Didem		Kizilca
806,	Arzucan		Çini
807,	Feray		Elbasi
808,	Elvan		Kantarci
809,	Furkan		Keles
810,	Tugce		Bagis
811,	Elvan		Armutcu
812,	ZekiYigithan		Çamas
813,	Sebiha		Çulhaoglu
814,	Altan		Çorumlu
815,	Enver		Aslantürk
816,	Fidan		Burabak
817,	Ecren		Göymen
818,	MertAlican		Dengizek
819,	MuhammedIkbal		Erek
820,	IsmailEnes		Dogramaci
821,	SenaNur		Kaynamis
822,	ÖmerFaruk		Kiryayla
823,	Bayülken		Içten
824,	Hürel		Koparan
825,	MuhammedSefa		Gezmis
826,	HüsneAysun		Bal
827,	KuntayYigit		Dengizek
828,	Jutenya		Düzbayir
829,	Necati		Begiç
830,	AhmetYasin		Ezber
831,	Meltem		Baydil
832,	Bensu		Erkus
833,	SeyitAhmet		Güldogus
834,	Boran		Davutoglu
835,	Gülenay		Erkoç
836,	Mahperi		Dursun
837,	Özalp		Çetintas
838,	MustafaBerkay		Karademir
839,	Iptal		Aysan
840,	Ziya		Ayci
841,	Sevginur		Ata
842,	Edip		Halicilar
843,	RefiyeSeda		Erim
844,	Sebiha		Karabiyik
845,	ZehraPelin		Kasaci
846,	ElifFeyza		Aslantürk
847,	MahmutOnur		Güzeller
848,	MustafaBerkay		Dadalioglu
849,	BerfinDilay		Aruca
850,	Atak		Erkekli
851,	Nehar		Bozdag
852,	Nun		Kocademir
853,	Örsel		Baykal
854,	ResmiyeElif		Dülgerbaki
855,	Sena		Kerimov
856,	DogaElif		Göç
857,	Yalçin		AydoganYozgat
858,	MelekDiler		Hilmi
859,	IbrahimAlpTekin		Bilgen
860,	ÇisilHazal		Bent
861,	VolkanEyüp		Degirmendereli
862,	MehmetGökalp		Ekercan
863,	MertAlican		Buyuran
864,	Argün		Caner
865,	DorukDeniz		Kizil
866,	Armagan		Kizmaz
867,	Süheda		Asveren
868,	UgurAli		Erkovan
869,	Zümra		Halicilar
870,	Ongar		Cosan
871,	Barin		Kandasoglu
872,	Enes		Aydogdu
873,	Nihan		Dökülmez
874,	Isçan		Koçsoy
875,	SabihaElvan		Esendemir
876,	Çisel		Bozdag
877,	KeremCahit		Güleryüz
878,	ÖmerOkan		Ertepinar
879,	Enver		Döger
880,	DervisHaluk		Bahtiyar
881,	Gülenay		Ay
882,	Örsel		Ginoviç
883,	SelinSila		Atescan
884,	Vira		Göven
885,	Ilkin		Canbagi
886,	CemEfe		Ilgezdi
887,	Goncagül		Gülkan
888,	HalukBaris		Erol
889,	FatmaHilal		Canuyar
890,	Dinçol		Keles
891,	SevgiTutku		Ayvacik
892,	Sevginur		Dalli
893,	CeyhunKadir		Dogramaci
894,	HüseyinZeyd		Kardas
895,	ÖmerFaruk		Horata
896,	Yaprak		Cumali
897,	Melike		Balioglu
898,	Melike		Basegmez
899,	DervisHaluk		Kazici
900,	CanGüney		Güral
901,	Ayben		Kontaci
902,	Dogangün		Çerçi
903,	Uzel		Asil
904,	Sensoy		Çelenlioglu
905,	Elzem		Erol
906,	IbrahimHakki		Karabag
907,	Isinbike		Güzeller
908,	BagisCan		Kayhan
909,	Meltem		Basegmez
910,	Parla		Aysal
911,	Hayrunnisa		Kerem
912,	AhmetYasin		Davutoglu
913,	EvrenBurak		Bural
914,	Naci		Göçmen
915,	Serife		Çeliker
916,	Ayla		Ay
917,	Serife		Findikçi
918,	Enes		Dagar
919,	HayriAnil		Demiriz
920,	MustafaTaha		Civan
921,	CemOzan		Ekrem
922,	SalihaZeynep		Baran
923,	Ersin		Bagis
924,	Erem		Guguk
925,	ÖmerOkan		Bastepe
926,	Lal		Esat
927,	OnurKerem		Döger
928,	LütfiyeSena		Ertepinar
929,	Mehmet		Bahtiyar
930,	Karanalp		Barbaros
931,	Zümra		Kadi
932,	Hayat		Çikikci
933,	ResmiyeElif		Bulgur
934,	TurhanOnur		Arikan
935,	Bayülken		Canbek
936,	AydinMert		Ates
937,	EsmaEce		Balta
938,	Thomas		Kefal
939,	Rukiye		Kayahan
940,	Mimoza		Eryildiz
941,	MuhammedIkbal		Bozdag
942,	Okbay		Kefal
943,	Köksal		Aygen
944,	BerfinDilay		Kayali
945,	Tayyibe		Aviandi
946,	HanifeDuygu		Bali
947,	Ümit		Kavas
948,	Bengisu		Bagci
949,	ElifNisan		Benan
950,	Haldun		Karga
951,	Çagin		Derdemez
952,	Ayben		Bilgit
953,	Lale		Erbul
954,	Aygün		Baydar
955,	MelikeDilara		Bilgi
956,	BüsraHazal		Karanisoglu
957,	Nadire		Erkekli
958,	Pirilti		Bilal
959,	Isçan		Durmus
960,	MehmetEnes		Çamas
961,	Nehar		Karakaplan
962,	NazimBerke		Berk
963,	Öymen		Bülend
964,	Sensoy		Geçioglu
965,	Perihan		Hopaci
966,	BerfuIrem		Berker
967,	Ahenk		Kalyoncu
968,	Alphan		Dündar
969,	EmineSelcen		Kesgin
970,	Birgen		Çakici
971,	SadikCan		Çotur
972,	RubabeGökçen		Gökçek
973,	SelinSila		Göç
974,	EgeSarp		Ishakoglu
975,	Güner		Keçe
976,	DorukDeniz		Balioglu
977,	Sanber		Kadoglu
978,	TurhanOnur		Girgin
979,	Sude		Gümüssoy
980,	BerfinDilay		Halaçoglu
981,	HanifeDuygu		Gökhan
982,	AhmetMehdi		Davutoglu
983,	Mihrinaz		Aygen
984,	Günes		Bal
985,	AbdullahAtakan		Emikoglu
986,	Betül		Kiziltug
987,	HanifeDuygu		DeliChasan
988,	Demircan		Dagar
989,	Ayben		Erkoç
990,	Omaç		Çolak
991,	Özgen		Çelebican
992,	Ertug		Bulgan
993,	Isinbike		Gümüssoy
994,	Latife		Karabulut
995,	MehmetAnil		Çinar
996,	Özgün		Ercüment
997,	SevgiTutku		Hilmi
998,	Barin		Koçak
999,	MuhammedIkbal		Isinay
1000,	MertAlican		Çelikagi
1001,	Fidan		Gültas
1002,	SevgiTutku		Gençoglu
1003,	Menekse		Büyüköztürk
1004,	Didem		Çark
1005,	Denizcan		Dudu
1006,	DogaElif		Hirik
1007,	Parla		Isinay
1008,	IsmailEnes		Kizilirmak
1009,	Bensu		Kalfaoglu
1010,	Özen		Çekmeci
1011,	Vedia		Kizilirmak
1012,	Sebiha		Bekaroglu
1013,	Altan		Karaçay
1014,	MehmetEnes		Cansu
1015,	Nergiz		Güven
1016,	Ergün		Güleryüz
1017,	Sahan		Bagçivan
1018,	ResmiyeElif		Çelik
1019,	Arzucan		Karabulut
1020,	HayriyeGül		Kontaci
1021,	Almina		Bilgiç
1022,	Barin		Hizarcioglu
1023,	Esim		Gödek
1024,	Cemile		Findik
1025,	SadikCan		Ay
1026,	MuhammetRasit		Gültas
1027,	OsmanCihan		Kina
1028,	YasinBurak		Kizilkaya
1029,	Serife		Güleryüz
1030,	Aleda		Cibooglu
1031,	Alçiçek		Dülgerbaki
1032,	Demircan		Derya
1033,	HanifeDuygu		Güntek
1034,	Güner		Kefal
1035,	DogaElif		CanAkçaözoglu
1036,	Gülsanem		Karaçay
1037,	Sidar		Dogramaci
1038,	MustafaAli		Demirsatan
1039,	Seren		Choi
1040,	RefiyeSeda		Konyar
1041,	YasinBurak		Döner
1042,	Dilseren		Canbek
1043,	Daghan		Golba
1044,	Hayrunnisa		Girgin
1045,	IbrahimHakki		Durmus
1046,	Enes		Ekercan
1047,	Denktas		Aydogdu
1048,	Betül		Balta
1049,	Tevfik		Fahri
1050,	BerfuIrem		Gülcan
1051,	SeraCansin		Kiryayla
1052,	SametEmre		Kasemllar
1053,	Bayülken		Baydil
1054,	Emircan		Çelebican
1055,	Saziye		Görgüner
1056,	Saime		Ishakoglu
1057,	MelikeDilara		Kirtay
1058,	Denizcan		Boya
1059,	Zümra		Kizilca
1060,	IremCeren		Inceoglu
1061,	Lal		Batar
1062,	IrfanAnil		Biriz
1063,	Bensu		Bilgeç
1064,	HayriyeGül		Bilal
1065,	HayriyeGül		Çiray
1066,	Çagkan		Kocabas
1067,	Sude		Erkek
1068,	Fetullah		Kabukçu
1069,	SalihaZeynep		Arif
1070,	Seyit		Basar
1071,	Cevza		Kavak
1072,	Ibrahim		Görür
1073,	Rukiye		Hirlak
1074,	Argün		Cosan
1075,	Sena		Baytin
1076,	Denizhan		Çelebican
1077,	Turan		Atok
1078,	YasinBurak		Güzeller
1079,	SalihaCanan		Hamidi
1080,	MuratSinan		Kirtas
1081,	Hulki		Aysan
1082,	Halid		Ay
1083,	Ayman		Esgin
1084,	Efecan		Korkmazcan
1085,	Yüksel		Arikan
1086,	SenaNur		Gülsen
1087,	Uzel		Gönül
1088,	Memet		Beydag
1089,	MustafaBerkay		Ay
1090,	AhmetCan		Çinaroglu
1091,	Atak		Çelenlioglu
1092,	Ongar		Ayaz
1093,	Uzel		Çaglar
1094,	Oguzcan		Kadi
1095,	Senay		Kirgiz
1096,	EcePinar		Çelikkol
1097,	Oguzcan		Gölmes
1098,	Katya		Aysan
1099,	Boran		Gülçin
1100,	HanifeNur		Aysan
1101,	Alçiçek		Harman
1102,	HalukBaris		Demirören
1103,	Gülenay		Kapsiz
1104,	BerfinDilay		Civan
1105,	Belin		Çivici
1106,	Banuhan		Atli
1107,	Gönülgül		Erki
1108,	FatmaBüsra		Aydogdu
1109,	TurhanOnur		Canbagi
1110,	Sevtap		Ekercan
1111,	Maral		Göç
1112,	Birgen		Erzurumlu
1113,	Furkan		Çitfçi
1114,	Mehmet		AvciÖzsoy
1115,	AhmetYasin		Irsoy
1116,	Süheda		Kayacan
1117,	GülSena		Choi
1118,	Lal		Karademir
1119,	Lale		Bastug
1120,	Arslan		Avsar
1121,	MustafaSamed		Çakici
1122,	AsliNur		Bilgi
1123,	Furkan		Horata
1124,	Eylem		Erkoç
1125,	Fadik		Kerem
1126,	ElifKevser		Çomu
1127,	FurkanFatih		Kocabiyik
1128,	Karanalp		Kavukçu
1129,	Tayyibe		Kocabiyik
1130,	MustafaFurkan		Güvener
1131,	Ilgaz		Kadoglu
1132,	Toykan		Dönder
1133,	Toykan		Edes
1134,	Halid		Batar
1135,	Irazhakkina		Büyüköztürk
1136,	Asiye		Çulhaoglu
1137,	SeliMSharef		Kiris
1138,	Samed		Ilhan
1139,	Efecan		Dal
1140,	MustafaBerkay		Azbay
1141,	AhmetKorhan		Balta
1142,	Atak		Çagatay
1143,	Melike		Boz
1144,	MuratKaan		Içten
1145,	Sezer		Diri
1146,	Mürside		Efsin
1147,	HanifeDuygu		Canbek
1148,	Gürbüz		Duymus
1149,	ÇagriAtahan		Çarici
1150,	Ertug		Diri
1151,	Muharrem		Çotur
1152,	Gönül		Kiryayla
1153,	Sebiha		Dökülmez
1154,	MustafaKerem		Danis
1155,	Argun		Burak
1156,	HüsneAysun		Kalyoncu
1157,	OnurTaylan		Burak
1158,	AhmetKorhan		Kivilcim
1159,	AhmetMehdi		Güzeloglu
1160,	Yelda		Bülbül
1161,	Mert		Asveren
1162,	Askim		Çekmeci
1163,	Sensoy		Eski
1164,	Kerime		Çaglar
1165,	Nihan		Çitfçi
1166,	Emircan		Gilim
1167,	MelisEzgi		Kotan
1168,	ÇisilZeynep		Erin
1169,	Cevza		Canan
1170,	Ziya		Durmusoglu
1171,	Melike		Erkmen
1172,	Özgün		Eski
1173,	Alaatin		Dagar
1174,	Alya		Kalfaoglu
1175,	Çisem		Karadag
1176,	Naci		Kizilkaya
1177,	EsatErdem		Bülbül
1178,	Hamit		Düzbayir
1179,	HüsneAysun		Karakoca
1180,	Senay		Bulgan
1181,	Turan		Furuncuoglu
1182,	IbrahimAlpTekin		Kayacan
1183,	Selman		Ayanoglu
1184,	AhmetSencer		Boztepe
1185,	Olgun		Emikoglu
1186,	ÇagriAtahan		Egeli
1187,	Mahire		Ayrim
1188,	Önel		Çiçekli
1189,	Safa		Görür
1190,	MustafaTaha		Koskulu
1191,	Hayriye		Horata
1192,	Ayseren		Ibrahim
1193,	Berrak		Bölge
1194,	MustafaBerkay		Chiklyaukova
1195,	Suna		Durmus
1196,	EyüpOrhun		Çelik
1197,	Altan		Baturalp
1198,	BerfinDilay		Dasdemir
1199,	Acun		Kilinçarslan
1200,	AyseElif		Deliloglu
1201,	Büsranur		Hamarat
1202,	TaylanRemzi		Golba
1203,	Benek		Güzeloglu
1204,	OnurAbdi		Kilmen
1205,	Argün		Hakverdi
1206,	Gülçe		Degirmendereli
1207,	MehmetKemal		Batur
1208,	ÖzerSeçkin		Gökçek
1209,	Akife		Çakan
1210,	Gülenay		Çapa
1211,	ÖzgeGizem		Hanci
1212,	Ongar		Kaska
1213,	Aydonat		Içten
1214,	MuhammedBazit		Gezmis
1215,	Pirilti		Hacialioglu
1216,	Hayat		Koçsoy
1217,	Ahusen		Çikikci
1218,	ElifBeyza		Delice
1219,	Ferdacan		Bagçivan
1220,	AbdullahEmirhan		Kesgin
1221,	ÖmerOkan		Boz
1222,	Tarik		Burabak
1223,	Cankiz		Çikikci
1224,	AyseZeyneb		Karamollaoglu
1225,	Necati		Ercüment
1226,	BurçinKübra		Kirkpinar
1227,	FatmaHilal		Kandasoglu
1228,	Lokman		Davutoglu
1229,	IsmailEnes		Batur
1230,	Atak		Baykal
1231,	Tarik		Edes
1232,	SerdarKaan		Hafiz
1233,	Fetullah		Bad
1234,	Abdulsamet		Ipçizade
1235,	Tubanur		Barbaros
1236,	IhsanVehbi		Kargin
1237,	Abdullatif		Erkus
1238,	MuhammedSefa		Bayram
1239,	Zülal		Karakan
1240,	ZeynepNihan		Baki
1241,	ZehraPelin		Hakverdi
1242,	IremCeren		Erin
1243,	MustafaEmir		Çetintas
1244,	Elzem		Hanci
1245,	Feray		Hanci
1246,	Rukiye		Kavas
1247,	Paksoy		Devrim
1248,	Necati		Göç
1249,	Haldun		Atan
1250,	AbdullahHalit		Derya
1251,	Alim		Arpaci
1252,	Demircan		Kamisli
1253,	AynurGül		Golba
1254,	AyseZeyneb		Kabayuka
1255,	Turan		Kantarci
1256,	YasinBurak		Çerçi
1257,	Barin		Çiçekli
1258,	Nihal		CanAkçaözoglu
1259,	Feray		Bülend
1260,	Mehmetali		Asci
1261,	Okbay		Bozdemir
1262,	Sakip		Dönder
1263,	AhmetCan		Güven
1264,	Ridvan		Ceylan
1265,	HayriAnil		Dur
1266,	Ahenk		Bilal
1267,	Almina		Batur
1268,	Vira		Hadi
1269,	Nadire		Denizgünü
1270,	Boran		Erbil
1271,	Burç		Iricioglu
1272,	AhmetHakki		Koparan
1273,	TaylanRemzi		Erol
1274,	BurçinKübra		Kaçaranoglu
1275,	MehmetHan		Keles
1276,	Ongar		Gültas
1277,	HilalEbru		Baki
1278,	Abdulvahap		Canbek
1279,	Ahusen		Karabacak
1280,	IbrahimOnat		Baldo
1281,	Okbay		Bastepe
1282,	RubabeGökçen		Gezmis
1283,	Asiye		Baykan
1284,	Ünkan		Kaska
1285,	Yelda		Erkosan
1286,	Çelik		Begenilmis
1287,	Almina		Ginoviç
1288,	MelekDiler		Girgin
1289,	Iltem		Gülçin
1290,	MehmetGökalp		Dalkiliç
1291,	Saziye		Golba
1292,	CanGüney		Kasemllar
1293,	Behin		Kararti
1294,	CeyhunKadir		Asil
1295,	OsmanSinan		Çelenlioglu
1296,	HayriyeGül		Demirsatan
1297,	Isinbike		Hadi
1298,	Muharrem		Arikan
1299,	Isinbike		Chiklyaukova
1300,	KübraTansu		Ege
1301,	GüngörErkin		Baturalp
1302,	Çilay		DeliChasan
1303,	Askim		Çelebican
1304,	Kivilcim		Imre
1305,	KeremCahit		Egin
1306,	Mayis		Gönül
1307,	OnurTaylan		Bülent
1308,	Enver		Bilgeç
1309,	NecipFazil		Çelenlioglu
1310,	AbdullahAtakan		Ceylan
1311,	Miraç		Canbagi
1312,	Mert		Göymen
1313,	Mert		Ekercan
1314,	Ahusen		Bilgit
1315,	Önel		Dursun
1316,	Tayyibe		Ekercan
1317,	Lokman		Kayacan
1318,	Ezel		Gölmes
1319,	Sidar		Gölmes
1320,	Safa		Kocademir
1321,	Mihrinaz		Davutoglu
1322,	Yeter		Eruzun
1323,	Aksu		Karabacak
1324,	Çelik		Bugey
1325,	Jutenya		Binbay
1326,	Berrak		Gürel
1327,	FatmaHilal		Kabatas
1328,	Toykan		Ekercan
1329,	BuseGizem		Karaismail
1330,	EsmaEce		Ates
1331,	Boran		Döner
1332,	IbrahimCandas		Bal
1333,	Hayrunnisa		Erek
1334,	MehmetBugrahan		Gençoglu
1335,	AyselAysu		Hacialioglu
1336,	AlperEmin		Attila
1337,	Fetullah		Kaçaranoglu
1338,	Selman		Gülenç
1339,	Hamit		Garip
1340,	Özen		Bastopçu
1341,	Dogangün		Çini
1342,	Tayyibe		Güleç
1343,	Elzem		Kalfaoglu
1344,	Abdulhalim		Karabulut
1345,	IsmailEnes		Kina
1346,	Aygün		Göksoy
1347,	OsmanYasin		Barbaros
1348,	AhmetMehdi		Duymus
1349,	Ayman		Çekmeci
1350,	Pekin		Eryildiz
1351,	YargiYekta		Arikan
1352,	Hülya		Imre
1353,	Mahperi		Bölge
1354,	ÖzerSeçkin		Ekercan
1355,	ElifKevser		Karaismail
1356,	Gönül		Çitfçi
1357,	ElifEtga		Erzurumlu
1358,	Ertug		Demirsatan
1359,	Öznur		Arif
1360,	Rukiye		Bastepe
1361,	AhmetYasin		Civan
1362,	Birsen		Kamisli
1363,	Mert		Çivici
1364,	Ilgaz		Güzeller
1365,	SevgiTutku		Çetintas
1366,	MustafaSefa		Himoglu
1367,	Örgün		Elbasi
1368,	BerfinDilay		Çelikagi
1369,	FazilErem		Çapa
1370,	IbrahimOnat		Ezber
1371,	ElifKevser		Karaçay
1372,	Iltem		Boztepe
1373,	Dogangün		Demirören
1374,	EsatErdem		Güvener
1375,	LütfiyeSena		Hacioglu
1376,	Sude		Durmus
1377,	BuseGizem		Güven
1378,	Abdulsamet		Çotur
1379,	NecipFazil		Karakaya
1380,	Doktora		Erek
1381,	Armagan		Kerem
1382,	Hamid		Koparan
1383,	AhmetSencer		Ayanoglu
1384,	Nunazli		Hamidi
1385,	SeungHun		Ercoskun
1386,	Güner		Baluken
1387,	YaseminErva		Ese
1388,	Denizhan		Findikçi
1389,	SeyitAhmet		Bugey
1390,	MehmetEnes		Çinaroglu
1391,	Gürbüz		Hanci
1392,	Ilgaz		Karakan
1393,	GüngörErkin		Kayahan
1394,	EsatErdem		Biriz
1395,	Arslan		Hacilar
1396,	Necati		Attila
1397,	AliAydin		Cosan
1398,	Zerin		Ersin
1399,	Tarik		Bent
1400,	Okyanus		Dikbas
1401,	Edip		Dagar
1402,	IbrahimOnat		Devecel
1403,	AyselAysu		Erbul
1404,	BüsraHazal		Golba
1405,	MehmetYekta		Güleryüz
1406,	Tevfik		Cibooglu
1407,	MehmetKemal		Ceran
1408,	AliIsmail		Erki
1409,	Omaç		Erbay
1410,	DilsadNur		Ginoviç
1411,	Almina		Kildir
1412,	Sahan		Erbay
1413,	Hamid		Himoglu
1414,	Alim		Demiriz
1415,	Hayat		Harman
1416,	Enes		Ayaz
1417,	YigitAlperen		Çaprak
1418,	MustafaFurkan		Çarici
1419,	MuhammedÜzeyir		Baluken
1420,	Abdulbaki		Çolak
1421,	Nilüfer		Çulhaoglu
1422,	SametEmre		Cansu
1423,	GülSena		Destereci
1424,	ZeynepSenahan		Gökçeaslan
1425,	Oltun		Choi
1426,	MehmetKemal		Kavak
1427,	Hulki		Erkosan
1428,	AhmetKorhan		Karabag
1429,	Bedir		Canan
1430,	Firuze		Baykan
1431,	S.Kaancan		Erbil
1432,	Çisel		Kargin
1433,	MehmetErman		Karga
1434,	Eylem		Kerigan
1435,	Atak		Ertepinar
1436,	MustafaSefa		Berk
1437,	Ayman		Koskulu
1438,	Betül		Çaglayan
1439,	Bergüzar		Çamas
1440,	Necati		Esat
1441,	Nehar		Bahçeli
1442,	Özgür		Kayar
1443,	ÖzerSeçkin		Erim
1444,	ÖmerOkan		Boya
1445,	Beniz		Döger
1446,	Tevfik		Dasdemir
1447,	HanifeDuygu		Ercüment
1448,	GülSena		Aviandi
1449,	MehmetErman		Hilmi
1450,	Memet		Berker
1451,	MehmetBugrahan		Derya
1452,	SeydaNur		Bayrakoglu
1453,	SeherIrem		Balta
1454,	Ferdacan		Begiç
1455,	Ibrahim		Fatih
1456,	Tunca		Hanci
1457,	Gökay		Göç
1458,	Ilim		Çingir
1459,	Melike		Görgüner
1460,	SenaNur		Çelikagi
1461,	DogaElif		Benan
1462,	Mehmet		Çaglayan
1463,	MertGörkem		Geben
1464,	EsatErdem		Dinçtürk
1465,	Banuhan		Büyüköztürk
1466,	Hamid		Çagan
1467,	Fadik		Kabayuka
1468,	Hami		Kapsiz
1469,	Burç		Demirören
1470,	Akife		Kiziltug
1471,	Günan		Gülsen
1472,	Günes		Ezber
1473,	Sezer		Erkmen
1474,	Lokman		Bülbül
1475,	BurçinKübra		Dündar
1476,	SeungHun		Bargan
1477,	Elvan		Dur
1478,	Armagan		Dalyaprak
1479,	Parla		Garip
1480,	EsatErdem		Attila
1481,	MustafaBurhan		Karamollaoglu
1482,	Okbay		Fatin
1483,	BüsraHazal		Gödek
1484,	Latife		Gödek
1485,	ElifEge		Cibooglu
1486,	Ahenk		Ezber
1487,	Nergiz		Golba
1488,	Cemile		Harman
1489,	Ayseren		Derdemez
1490,	AhmetHakki		Dülgerbaki
1491,	Adem		Hakverdi
1492,	Ümit		Çalim
1493,	Sömer		Karademir
1494,	Lal		Bulgur
1495,	Sensoy		Hafiz
1496,	KubilayBaris		Haykir
1497,	Ilkim		Gülsen
1498,	Ilkin		Ceran
1499,	Gökay		Çekmecelioglu
1500,	Yeter		Esat
1501,	Lale		Bad
1502,	Sanber		Bilgi
1503,	AlperEmin		Karadag
1504,	Sude		Benan
1505,	Altan		Cumali
1506,	Merter		Güllüce
1507,	Vedia		Boya
1508,	Eylem		Kondakcioglu
1509,	Ishak		Güral
1510,	Karanalp		Harmankaya
1511,	Isinbike		Kondakcioglu
1512,	MertCem		Balci
1513,	ElifFeyza		Baykal
1514,	Furkan		Kilmen
1515,	Coskun		Boz
1516,	IhsanVehbi		Kayahan
1517,	DursunKorel		Çomu
1518,	ÖzgeGizem		Baytin
1519,	Elvan		Ayci
1520,	Gülten		Aygen
1521,	Nihal		Cüce
1522,	Abdulsamet		Baykal
1523,	Balin		Aydogdu
1524,	Atak		Dur
1525,	SeliMSharef		Halaçoglu
1526,	ÖzerSeçkin		Dereli
1527,	SabihaElvan		Çivici
1528,	Saime		Erkovan
1529,	Sevginur		Atmaca
1530,	Günan		Bilgi
1531,	Bengisu		Kizilirmak
1532,	Esim		Güntek
1533,	Hami		Bahtiyar
1534,	Ahenk		Kayali
1535,	MelekDiler		Bugdaypinari
1536,	Gönülgül		Kilinçarslan
1537,	Süheyl		Güzeller
1538,	Abdulsamet		Gürdemir
1539,	MahmutBilal		Eyipisiren
1540,	AfraSelcen		Ayrim
1541,	Elvan		Bilgit
1542,	MertAlican		Basegmez
1543,	Örsel		Karacabey
1544,	Oguzcan		Bural
1545,	RamazanTarik		Balta
1546,	ElifEtga		Dönmez
1547,	Birsen		Ese
1548,	NecipFazil		Ersin
1549,	Pirilti		Devecel
1550,	Denizhan		Hiçyilmam
1551,	Mahperi		Ayvacik
1552,	Fetullah		Harman
1553,	Banuhan		Boy
1554,	Ersin		Ese
1555,	AliAydin		Egeli
1556,	Hüner		Atli
1557,	Gülsanem		Kayali
1558,	NecipFazil		Gemalmaz
1559,	Argün		Horata
1560,	SefaKadir		Gündüz
1561,	Latife		Çakan
1562,	Uzel		Bozdemir
1563,	MehmetTarik		Balta
1564,	Hüner		Koçak
1565,	Tevfik		Kontaci
1566,	Gökay		Çekmeci
1567,	Örsel		Fahri
1568,	Hülya		Begenilmis
1569,	AydinMert		Batga
1570,	CemOzan		Kocademir
1571,	AhmetBerke		Göymen
1572,	YansiHilal		Kerem
1573,	MustafaSefa		Karaçay
1574,	Mehpare		Çulhaoglu
1575,	MelekDiler		Burak
1576,	MuhammetRasit		Çapa
1577,	Sevginur		Attila
1578,	Manolya		Demirören
1579,	AliIsmail		Kayar
1580,	Nergiz		Batur
1581,	Cankiz		Erbil
1582,	Banuhan		Karanisoglu
1583,	Vedia		Halicilar
1584,	Enes		Binbay
1585,	MustafaTaha		Basegmez
1586,	Turan		Eliçin
1587,	Mihrinaz		Hilal
1588,	Samed		Halaçoglu
1589,	SafaAhmet		Karaçay
1590,	HaleNur		Büyüköztürk
1591,	Enes		Chiklyaukova
1592,	MehmetEnes		Basegmez
1593,	Ünzile		Gültas
1594,	Emircan		Çeliker
1595,	Aksu		Kardas
1596,	ElifEge		Büyüköztürk
1597,	AhmetCan		Kesbiç
1598,	AydinMert		Kefal
1599,	Pekin		Ekercan
1600,	Menekse		Hilmi
1601,	Yücel		Keteci
1602,	OnurKerem		Gezmis
1603,	HayriAnil		Bozdemir
1604,	MehmetEnes		Bayrakoglu
1605,	Büsra		Gürses
1606,	GülSena		Bilgit
1607,	Öktem		Harman
1608,	Pekin		Görür
1609,	AsyaSema		Kirezçik
1610,	Rekin		Baki
1611,	Alim		Gültas
1612,	MahmutBilal		Fahri
1613,	Gönülgül		Gürdemir
1614,	Boran		Boyuktas
1615,	MehmetEnes		Döner
1616,	Mürside		Karaçesme
1617,	Asiye		Karanisoglu
1618,	Oguzcan		Güres
1619,	SabihaElvan		Beydag
1620,	Denizcan		Güzel
