salesman_id,salesman_name,salary,market_id
1215,FurkanFatih,2300,1
1,Seren,2301,2
2,HasanFahri,2302,3
3,Tarik,2303,4
4,BurcinKubra,2304,5
5,Lokman,2305,6
6,Fazilet,2306,7
7,Hami,2307,8
8,Doktora,2308,9
9,Sueda,2309,10
10,Hayrunnisa,2310,11
11,DursunKorel,2311,12
12,Asiye,2312,13
13,BusraHazal,2313,14
14,Manolya,2314,15
15,TaylanRemzi,2315,16
16,MuazzezEce,2316,17
17,MustafaFurkan,2317,18
18,Mirac,2318,19
19,SalihaZeynep,2319,20
20,GungorErkin,2320,21
21,Selime,2321,22
22,MahmutBilal,2322,23
23,Yeter,2323,24
24,SametEmre,2324,25
25,Esim,2325,26
26,Atak,2326,27
27,Muharrem,2327,28
28,IbrahimCandas,2328,29
29,Samed,2329,30
30,Hamit,2330,31
31,Busra,2331,32
32,MehmetKemal,2332,33
33,Muktedir,2333,34
34,ozen,2334,35
35,Alaatin,2335,36
36,MustafaTaha,2336,37
37,Oguzcan,2337,38
38,Sena,2338,39
39,ZeynepFigen,2339,40
40,MustafaDogukan,2340,41
41,Sena,2341,42
42,HaciBayramUfuk,2342,43
43,Safa,2343,44
44,UlucEmre,2344,45
45,MustafaBurhan,2345,46
46,Dogangun,2346,47
47,Birsen,2347,48
48,IbrahimCandas,2348,49
49,Somer,2349,50
50,Ayman,2350,51
51,HuseyinSerkan,2351,52
52,Halid,2352,53
53,Emircan,2353,54
54,Mercan,2354,55
55,MehmetBugrahan,2355,56
56,AfraSelcen,2356,57
57,Ferdacan,2357,58
58,Perihan,2358,59
59,Yigithan,2359,60
60,Maisam,2360,61
61,ElifKevser,2361,62
62,Hamit,2362,63
63,IhsanVehbi,2363,64
64,SeydaNur,2364,65
65,Faik,2365,66
66,MustafaDogukan,2366,67
67,GulSena,2367,68
68,OnurAbdi,2368,69
69,cagin,2369,70
70,RefiyeSeda,2370,71
71,Seniz,2371,72
72,MuazzezEce,2372,73
73,Kubilay,2373,74
74,Behin,2374,75
75,HilalEbru,2375,76
76,Kubra,2376,77
77,Nehar,2377,78
78,Beniz,2378,79
79,Fadik,2379,80
80,VolkanEyup,2380,81
81,SametEmre,2381,82
82,CeyhunKadir,2382,83
83,SeherIrem,2383,84
84,IbrahimAlpTekin,2384,85
85,AhmetKorhan,2385,86
86,AyselAysu,2386,87
87,Melike,2387,88
88,Mimoza,2388,89
89,Sanber,2389,90
90,Ibrahim,2390,91
91,EgeSarp,2391,92
92,IbrahimKagan,2392,93
93,FatmaHilal,2393,94
94,UlucEmre,2394,95
95,Sena,2395,96
96,Neva,2396,97
97,AhmetMehdi,2397,98
98,OsmanYasin,2398,99
99,umit,2399,100
100,Abdulsamet,2400,101
101,SerdarKaan,2401,102
102,Goncagul,2402,103
103,Nergiz,2403,104
104,Rukiye,2404,105
105,MustafaAli,2405,106
106,Nun,2406,107
107,Kazim,2407,108
108,Vedia,2408,109
109,YansiHilal,2409,110
110,Hulya,2410,111
111,Onay,2411,112
112,Benek,2412,113
113,Birsen,2413,114
114,Berguzar,2414,115
115,MustafaSamed,2415,116
116,OsmanCihan,2416,117
117,Arca,2417,118
118,MustafaKerem,2418,119
119,Somer,2419,120
120,Mayis,2420,121
121,Efecan,2421,122
122,SabihaElvan,2422,123
123,Kubra,2423,124
124,Rekin,2424,125
125,Yelda,2425,126
126,Kurtbey,2426,127
127,BerfuIrem,2427,128
128,BehcetKutay,2428,129
129,SadikCan,2429,130
130,Nergiz,2430,131
131,Ayla,2431,132
132,Ates,2432,133
133,Elvan,2433,134
134,FazilErem,2434,135
135,Dincol,2435,136
136,Gulsanem,2436,137
137,DorukDeniz,2437,138
138,DogaElif,2438,139
139,Selman,2439,140
140,ZeynepNihan,2440,141
141,Ongar,2441,142
142,ElifEtga,2442,143
143,Pekin,2443,144
144,DogaElif,2444,145
145,Kivilcim,2445,146
146,Suheda,2446,147
147,OnurKerem,2447,148
148,AhmetKorhan,2448,149
149,Aydonat,2449,150
150,Mirac,2450,151
151,Dilhan,2451,152
152,Boran,2452,153
153,Belit,2453,154
154,onel,2454,155
155,Turan,2455,156
156,MehmetKemal,2456,157
157,Dilhan,2457,158
158,OnurAbdi,2458,159
159,Vedia,2459,160
160,oktem,2460,161
161,HaciBayramUfuk,2461,162
162,SadikCan,2462,163
163,Nesli,2463,164
164,Hurel,2464,165
165,SeydaNur,2465,166
166,Dalay,2466,167
167,SalihaZeynep,2467,168
168,Mihrinaz,2468,169
169,BuseGizem,2469,170
170,ozgur,2470,171
171,omerOkan,2471,172
172,OsmanYasin,2472,173
173,MustafaDogukan,2473,174
174,Mirac,2474,175
175,Alcicek,2475,176
176,Dalay,2476,177
177,AliIsmail,2477,178
178,DorukDeniz,2478,179
179,BerfinDilay,2479,180
180,YasarFatihEnes,2480,181
181,KuntayYigit,2481,182
182,Fadik,2482,183
183,MertGorkem,2483,184
184,Gurbuz,2484,185
185,odul,2485,186
186,Abdulvahap,2486,187
187,Melike,2487,188
188,OguzSelim,2488,189
189,Yaprak,2489,190
190,Faik,2490,191
191,AhmetMehdi,2491,192
192,Gulenay,2492,193
193,Dilseren,2493,194
194,MustafaDogukan,2494,195
195,Melike,2495,196
196,TaylanRemzi,2496,197
197,Ertug,2497,198
198,FaikAltug,2498,199
199,Ongar,2499,200
200,KaanMuharrem,2500,201
201,Yucel,2501,202
202,BusraHazal,2502,203
203,Elife,2503,204
204,Kurtbey,2504,205
205,IhsanVehbi,2505,206
206,Aydonat,2506,207
207,Ilke,2507,208
208,FurkanFatih,2508,209
209,Bengisu,2509,210
210,Nergiz,2510,211
211,CeyhunKadir,2511,212
212,cisilHazal,2512,213
213,Adem,2513,214
214,TazikaHilal,2514,215
215,ElifEge,2515,216
216,Coskun,2516,217
217,OnurKerem,2517,218
218,Mihrinaz,2518,219
219,Somer,2519,220
220,Efecan,2520,221
221,SeraCansin,2521,222
222,cagkan,2522,223
223,Gunan,2523,224
224,Isinbike,2524,225
225,Sebiha,2525,226
226,Nihal,2526,227
227,Ongar,2527,228
228,Arzucan,2528,229
229,YasarFatihEnes,2529,230
230,Menekse,2530,231
231,SadikCan,2531,232
232,Balkin,2532,233
233,Ilkin,2533,234
234,IbrahimAlpTekin,2534,235
235,YaseminErva,2535,236
236,AliAydin,2536,237
237,Coskun,2537,238
238,Busranur,2538,239
239,Latife,2539,240
240,orsel,2540,241
241,Dogangun,2541,242
242,Kazim,2542,243
243,Esim,2543,244
244,Tubanur,2544,245
245,Yalcin,2545,246
246,Nun,2546,247
247,Gulser,2547,248
248,MustafaBerkay,2548,249
249,Gokmen,2549,250
250,CanGuney,2550,251
251,Edip,2551,252
252,Benek,2552,253
253,BerfinDilay,2553,254
254,HaticeBusra,2554,255
255,BagisCan,2555,256
256,Sude,2556,257
257,Remzi,2557,258
258,Dilhan,2558,259
259,OnurTaylan,2559,260
260,Birgen,2560,261
261,Tilbe,2561,262
262,Askim,2562,263
263,Sensoy,2563,264
264,TurhanOnur,2564,265
265,MustafaBerkay,2565,266
266,cilay,2566,267
267,RubabeGokcen,2567,268
268,YansiHilal,2568,269
269,Alya,2569,270
270,Ruhugul,2570,271
271,Belit,2571,272
272,Yesim,2572,273
273,Gonulgul,2573,274
274,MehmetBugrahan,2574,275
275,Iscan,2575,276
276,Abdullatif,2576,277
277,ozerSeckin,2577,278
278,Alim,2578,279
279,ZekiYigithan,2579,280
280,SafaAhmet,2580,281
281,MustafaBerkay,2581,282
282,unzile,2582,283
283,Doktora,2583,284
284,Nilufer,2584,285
285,Nergiz,2585,286
286,Enver,2586,287
287,Somer,2587,288
288,RefiyeSeda,2588,289
289,DilsadNur,2589,290
290,Kivilcim,2590,291
291,Busra,2591,292
292,Fidan,2592,293
293,Selime,2593,294
294,IbrahimAlpTekin,2594,295
295,Seyit,2595,296
296,AlperEmin,2596,297
297,Pekin,2597,298
298,RefiyeSeda,2598,299
299,Yuksel,2599,300
300,Mirac,2600,301
301,Nesli,2601,302
302,OguzSelim,2602,303
303,Erhan,2603,304
304,Almina,2604,305
305,Kurtbey,2605,306
306,DervisHaluk,2606,307
307,Tubanur,2607,308
308,MehmetKemal,2608,309
309,IbrahimKagan,2609,310
310,IrfanAnil,2610,311
311,Pirilti,2611,312
312,Gulten,2612,313
313,SeydaNur,2613,314
314,Balkin,2614,315
315,CemOzan,2615,316
316,Atak,2616,317
317,Sebiha,2617,318
318,NeslihanBusra,2618,319
319,oget,2619,320
320,FaikAltug,2620,321
321,Aksu,2621,322
322,Ridvan,2622,323
323,Yalcin,2623,324
324,SeyitAhmet,2624,325
325,Benek,2625,326
326,Nehar,2626,327
327,OsmanCihan,2627,328
328,IbrahimHakki,2628,329
329,AsliNur,2629,330
330,AhmetFurkan,2630,331
331,Hayat,2631,332
332,Nunazli,2632,333
333,Bensu,2633,334
334,Denizcan,2634,335
335,Sansal,2635,336
336,oymen,2636,337
337,Arca,2637,338
338,MustafaDogukan,2638,339
339,AbdullahEmirhan,2639,340
340,BerfinDilay,2640,341
341,Sanber,2641,342
342,Erem,2642,343
343,Kubra,2643,344
344,Hami,2644,345
345,MustafaTaha,2645,346
346,Ahusen,2646,347
347,Maisam,2647,348
348,Busem,2648,349
349,EgeSarp,2649,350
350,Yaprak,2650,351
351,odul,2651,352
352,Safa,2652,353
353,HaticeBusra,2653,354
354,HilalEbru,2654,355
355,MuazzezEce,2655,356
356,Nunazli,2656,357
357,Alcicek,2657,358
358,Argun,2658,359
359,MustafaFurkan,2659,360
360,Edip,2660,361
361,AyseZeyneb,2661,362
362,AyselAysu,2662,363
363,MehmetBaris,2663,364
364,MehmetEnes,2664,365
365,ElifEge,2665,366
366,Berhudan,2666,367
367,EmirDogan,2667,368
368,oktem,2668,369
369,Manolya,2669,370
370,MuhammedSefa,2670,371
371,Saziye,2671,372
372,MustafaSamed,2672,373
373,Hayrunnisa,2673,374
374,Gunan,2674,375
375,Acun,2675,376
376,omerFaruk,2676,377
377,Sahabettin,2677,378
378,Kivilcim,2678,379
379,DervisHaluk,2679,380
380,oznur,2680,381
381,Katya,2681,382
382,BagisCan,2682,383
383,AsyaSema,2683,384
384,Necati,2684,385
385,orgun,2685,386
386,EcePinar,2686,387
387,OguzSelim,2687,388
388,FatmaHilal,2688,389
389,SabihaElvan,2689,390
390,Dincol,2690,391
391,Gokay,2691,392
392,Argun,2692,393
393,MahmutOnur,2693,394
394,Tunca,2694,395
395,oktem,2695,396
396,Toykan,2696,397
397,OguzSelim,2697,398
398,Altan,2698,399
399,MahmutBilal,2699,400
400,ErkDeha,2700,401
401,MelekDiler,2701,402
402,SabihaElvan,2702,403
403,Nesli,2703,404
404,Bektas,2704,405
405,BehcetKutay,2705,406
406,ElifEge,2706,1
407,Seren,2707,2
408,AbdullahMert,2708,3
409,SametEmre,2709,4
410,Necati,2710,5
411,Doktora,2711,6
412,cagin,2712,7
413,Necati,2713,8
414,cisilZeynep,2714,9
415,ElifKevser,2715,10
416,FatmaHilal,2716,11
417,Bensu,2717,12
418,Goncagul,2718,13
419,HanifeNur,2719,14
420,Busem,2720,15
421,EvrenBurak,2721,16
422,GulSena,2722,17
423,Pirilti,2723,18
424,TazikaHilal,2724,19
425,Safa,2725,20
426,Bengisu,2726,21
427,Doktora,2727,22
428,SerdarKaan,2728,23
429,FaikAltug,2729,24
430,Meltem,2730,25
431,EyupOrhun,2731,26
432,Jutenya,2732,27
433,BuseGizem,2733,28
434,AhmetCan,2734,29
435,Gurbuz,2735,30
436,omerOkan,2736,31
437,Goncagul,2737,32
438,SefaKadir,2738,33
439,ozgun,2739,34
440,Ogun,2740,35
441,Seren,2741,36
442,Sanber,2742,37
443,Esim,2743,38
444,AhmetCan,2744,39
445,Seren,2745,40
446,BuseGizem,2746,41
447,oget,2747,42
448,AlperEmin,2748,43
449,Vedia,2749,44
450,RubabeGokcen,2750,45
451,oznur,2751,46
452,Erem,2752,47
453,AfraSelcen,2753,48
454,ZeynepNihan,2754,49
455,Senay,2755,50
456,Ersin,2756,51
457,Ayla,2757,52
458,OsmanCihan,2758,53
459,Alcicek,2759,54
460,HaticeGamze,2760,55
461,Paksoy,2761,56
462,RubabeGokcen,2762,57
463,MustafaBurhan,2763,58
464,Gokmen,2764,59
465,YargiYekta,2765,60
466,Benek,2766,61
467,MuratKaan,2767,62
468,SalihaCanan,2768,63
469,Ayben,2769,64
470,HayriyeGul,2770,65
471,Sakip,2771,66
472,Ziya,2772,67
473,Hayriye,2773,68
474,Yucel,2774,69
475,cisem,2775,70
476,ZekiYigithan,2776,71
477,Gonulgul,2777,72
478,Haldun,2778,73
479,Iscan,2779,74
480,Yalcin,2780,75
481,Cemile,2781,76
482,MustafaEmir,2782,77
483,Parla,2783,78
484,Emircan,2784,79
485,Vedia,2785,80
486,BuseGizem,2786,81
487,Balin,2787,82
488,MustafaAli,2788,83
489,AbdullahMert,2789,84
490,Ilim,2790,85
491,odul,2791,86
492,ElifKevser,2792,87
493,GungorErkin,2793,88
494,Hamid,2794,89
495,Onay,2795,90
496,Pekin,2796,91
497,Busra,2797,92
498,Aygun,2798,93
499,BerfinDilay,2799,94
500,unkan,2800,95
501,MehmetKemal,2801,96
502,Nadire,2802,97
503,Alya,2803,98
504,DorukDeniz,2804,99
505,Selime,2805,100
506,AsyaSema,2806,101
507,CemEfe,2807,102
508,Ezel,2808,103
509,AyseMerve,2809,104
510,Tugra,2810,105
511,MertAlican,2811,106
512,BurcinKubra,2812,107
513,Alya,2813,108
514,Doktora,2814,109
515,Denktas,2815,110
516,Bayulken,2816,111
517,ZekiYigithan,2817,112
518,MuhammetRasit,2818,113
519,Vira,2819,114
520,BurcinKubra,2820,115
521,Gokay,2821,116
522,orgun,2822,117
523,FatmaSena,2823,118
524,Bedir,2824,119
525,HasanBurak,2825,120
526,Aysegul,2826,121
527,TaylanRemzi,2827,122
528,Erhan,2828,123
529,Gurbuz,2829,124
530,AlperEmin,2830,125
531,Nun,2831,126
532,BaharCemre,2832,127
533,Furkan,2833,128
534,Thomas,2834,129
535,Muhammeduzeyir,2835,130
536,AynurDilan,2836,131
537,Muhammeduzeyir,2837,132
538,NazimBerke,2838,133
539,IbrahimKagan,2839,134
540,MuhammedBazit,2840,135
541,Atak,2841,136
542,BerfuIrem,2842,137
543,Remzi,2843,138
544,YasinBurak,2844,139
545,Barin,2845,140
546,Cemile,2846,141
547,Okyanus,2847,142
548,Gurbuz,2848,143
549,Mert,2849,144
550,Kivanc,2850,145
551,Balin,2851,146
552,Dilhan,2852,147
553,MehmetEnes,2853,148
554,Askim,2854,149
555,IbrahimKagan,2855,150
556,Gulenay,2856,151
557,HaticeBusra,2857,152
558,Ferdacan,2858,153
559,Ibrahim,2859,154
560,MahmutBilal,2860,155
561,Erhan,2861,156
562,Dogangun,2862,157
563,Vedia,2863,158
564,OsmanYasin,2864,159
565,Nehar,2865,160
566,EsatErdem,2866,161
567,MelikeDilara,2867,162
568,OzanEge,2868,163
569,Memet,2869,164
570,Rukiye,2870,165
571,orgun,2871,166
572,MustafaBerkay,2872,167
573,Dincol,2873,168
574,OnurAbdi,2874,169
575,Mahire,2875,170
576,TurhanOnur,2876,171
577,MustafaSamed,2877,172
578,KuntayYigit,2878,173
579,Hamid,2879,174
580,Rekin,2880,175
581,YasarFatihEnes,2881,176
582,Sevtap,2882,177
583,KubilayBaris,2883,178
584,Argun,2884,179
585,Nunazli,2885,180
586,FazilErem,2886,181
587,ElifEge,2887,182
588,oget,2888,183
589,ozgun,2889,184
590,Adem,2890,185
591,UgurAli,2891,186
592,AyseNeslihan,2892,187
593,MertGorkem,2893,188
594,MertGorkem,2894,189
595,MertGorkem,2895,190
596,Enver,2896,191
597,cagkan,2897,192
598,MustafaBurhan,2898,193
599,Tilbe,2899,194
600,Ezgin,2900,195
601,LutfiyeSena,2901,196
602,HaciBayramUfuk,2902,197
603,MustafaDogukan,2903,198
604,BerfinDilay,2904,199
605,EmirDogan,2905,200
606,Belit,2906,201
607,Didem,2907,202
608,SalihaCanan,2908,203
609,Suheyl,2909,204
610,MehmetTarik,2910,205
611,Arkan,2911,206
612,OzanEge,2912,207
613,ElifNisan,2913,208
614,Elanaz,2914,209
615,Tacmin,2915,210
616,MehmetBaris,2916,211
617,SeraCansin,2917,212
618,MehmetAnil,2918,213
619,Suheyl,2919,214
620,Oltun,2920,215
621,Barin,2921,216
622,Dogangun,2922,217
623,Balin,2923,218
624,Enver,2924,219
625,Alcicek,2925,220
626,Furkan,2926,221
627,Eylem,2927,222
628,MelisEzgi,2928,223
629,cilay,2929,224
630,SevgiTutku,2930,225
631,Lale,2931,226
632,AlperEmin,2932,227
633,Abdulbaki,2933,228
634,MelisEzgi,2934,229
635,Askim,2935,230
636,Selime,2936,231
637,Hamid,2937,232
638,EcePinar,2938,233
639,AyseMerve,2939,234
640,UlucEmre,2940,235
641,Halid,2941,236
642,AlperEmin,2942,237
643,AyseNeslihan,2943,238
644,Okyanus,2944,239
645,Denizhan,2945,240
646,YusufSuha,2946,241
647,Yigithan,2947,242
648,Fidan,2948,243
649,Doktora,2949,244
650,Nehar,2950,245
651,Melike,2951,246
652,EvrenBurak,2952,247
653,AyselAysu,2953,248
654,Eylem,2954,249
655,ozalp,2955,250
656,Hayat,2956,251
657,Okyanus,2957,252
658,Elife,2958,253
659,omerFaruk,2959,254
660,Pirilti,2960,255
661,oznur,2961,256
662,IrfanAnil,2962,257
663,SelinSila,2963,258
664,AynurGul,2964,259
665,Seren,2965,260
666,Almina,2966,261
667,Ruhugul,2967,262
668,EcePinar,2968,263
669,Paksoy,2969,264
670,Sebiha,2970,265
671,OzanEge,2971,266
672,Fadik,2972,267
673,Meltem,2973,268
674,Alim,2974,269
675,Demircan,2975,270
676,Turan,2976,271
677,Burc,2977,272
678,Rekin,2978,273
679,FazilErem,2979,274
680,MuratKaan,2980,275
681,MustafaKerem,2981,276
682,MustafaAli,2982,277
683,Olgun,2983,278
684,HuseyinZeyd,2984,279
685,Muhammeduzeyir,2985,280
686,Eylem,2986,281
687,ElifNisan,2987,282
688,Muhammeduzeyir,2988,283
689,DursunKorel,2989,284
690,Latife,2990,285
691,MuratSinan,2991,286
692,BehcetKutay,2992,287
693,SametEmre,2993,288
694,AydinMert,2994,289
695,IbrahimKagan,2995,290
696,EsmaEce,2996,291
697,Ishak,2997,292
698,Parla,2998,293
699,Oltun,2999,294
700,ElifKevser,3000,295
701,EgeSarp,3001,296
702,Alphan,3002,297
703,OnurTaylan,3003,298
704,Sezer,3004,299
705,Ridvan,3005,300
706,FatmaSena,3006,301
707,Banuhan,3007,302
708,Edip,3008,303
709,Rekin,3009,304
710,Birgen,3010,305
711,Bensu,3011,306
712,SeherIrem,3012,307
713,FaikAltug,3013,308
714,Sansal,3014,309
715,AhmetFurkan,3015,310
716,ElifFeyza,3016,311
717,TazikaHilal,3017,312
718,HasanFahri,3018,313
719,Tugce,3019,314
720,Ahusen,3020,315
721,ElifFeyza,3021,316
722,HaticeGamze,3022,317
723,Mimoza,3023,318
724,Nunazli,3024,319
725,cisilHazal,3025,320
726,Manolya,3026,321
727,Elanaz,3027,322
728,KubilayBaris,3028,323
729,Iscan,3029,324
730,Balkin,3030,325
731,Gulce,3031,326
732,cisel,3032,327
733,Safa,3033,328
734,OguzSelim,3034,329
735,FaikAltug,3035,330
736,ZeynepFigen,3036,331
737,Dincol,3037,332
738,Altan,3038,333
739,Gulten,3039,334
740,Huner,3040,335
741,Erolozgur,3041,336
742,Memet,3042,337
743,CanGuney,3043,338
744,Sahan,3044,339
745,MertGorkem,3045,340
746,BehcetKutay,3046,341
747,HanifeNur,3047,342
748,Eylem,3048,343
749,Aygun,3049,344
750,Suheyl,3050,345
751,CemEfe,3051,346
752,Birgen,3052,347
753,AhmetYasin,3053,348
754,BerfinDilay,3054,349
755,KubraTansu,3055,350
756,unzile,3056,351
757,Ridvan,3057,352
758,AyseMerve,3058,353
759,ozgen,3059,354
760,SenaNur,3060,355
761,Berhudan,3061,356
762,ElifFeyza,3062,357
763,Suheda,3063,358
764,Cankiz,3064,359
765,Sahabettin,3065,360
766,Fidan,3066,361
767,SalihaCanan,3067,362
768,MahmutOnur,3068,363
769,SalihaZeynep,3069,364
770,ElifEge,3070,365
771,Erolozgur,3071,366
772,Ertug,3072,367
773,Mehmet,3073,368
774,EcePinar,3074,369
775,Tilbe,3075,370
776,Ogun,3076,371
777,SeyitAhmet,3077,372
778,Muktedir,3078,373
779,LutfiyeSena,3079,374
780,BusraHazal,3080,375
781,Kivanc,3081,376
782,Okbay,3082,377
783,MustafaEmir,3083,378
784,AhmetCan,3084,379
785,ErkDeha,3085,380
786,Sena,3086,381
787,BerfuIrem,3087,382
788,Fidan,3088,383
789,Latife,3089,384
790,AhmetBerke,3090,385
791,Zumra,3091,386
792,Muktedir,3092,387
793,Tubanur,3093,388
794,Belin,3094,389
795,Argun,3095,390
796,Dincol,3096,391
797,FazilErem,3097,392
798,YasinBurak,3098,393
799,Goncagul,3099,394
800,Isinbike,3100,395
801,Tubanur,3101,396
802,Barin,3102,397
803,Gulce,3103,398
804,Enes,3104,399
805,EcePinar,3105,400
806,Lale,3106,401
807,Lal,3107,402
808,Bayar,3108,403
809,Askim,3109,404
810,Mimoza,3110,405
811,OsmanSinan,3111,406
812,ozerSeckin,3112,1
813,SadikCan,3113,2
814,Hami,3114,3
815,SerdarKaan,3115,4
816,Isinbike,3116,5
817,RamazanTarik,3117,6
818,omerOkan,3118,7
819,AyseNeslihan,3119,8
820,Ecren,3120,9
821,Necati,3121,10
822,Tubanur,3122,11
823,MustafaSamed,3123,12
824,Yaprak,3124,13
825,cagin,3125,14
826,Meltem,3126,15
827,Kurtbey,3127,16
828,ElifBeyza,3128,17
829,Nadire,3129,18
830,Ziya,3130,19
831,Bensu,3131,20
832,Ayseren,3132,21
833,ZekiYigithan,3133,22
834,Toykan,3134,23
835,SalihaZeynep,3135,24
836,oymen,3136,25
837,Argun,3137,26
838,orgun,3138,27
839,MehmetBugrahan,3139,28
840,ErkDeha,3140,29
841,Balin,3141,30
842,Ertug,3142,31
843,ZeynepDoga,3143,32
844,MustafaKerem,3144,33
845,Bensu,3145,34
846,BusraHazal,3146,35
847,BaharCemre,3147,36
848,Mahperi,3148,37
849,AbdullahHalit,3149,38
850,MahmutBilal,3150,39
851,Serife,3151,40
852,MehmetTarik,3152,41
853,RubabeGokcen,3153,42
854,Hamid,3154,43
855,Bengisu,3155,44
856,Melike,3156,45
857,HanifeDuygu,3157,46
858,Bedir,3158,47
859,Nihal,3159,48
860,Alphan,3160,49
861,AfraSelcen,3161,50
862,Meltem,3162,51
863,Neva,3163,52
864,Ahenk,3164,53
865,Gulten,3165,54
866,AliAydin,3166,55
867,MertCem,3167,56
868,Aksu,3168,57
869,Aybike,3169,58
870,omerFaruk,3170,59
871,Asiye,3171,60
872,Yaprak,3172,61
873,ozgun,3173,62
874,Kazim,3174,63
875,MehmetEnes,3175,64
876,Koksal,3176,65
877,Pekin,3177,66
878,MustafaAli,3178,67
879,FatmaSena,3179,68
880,Suheyl,3180,69
881,MelekDiler,3181,70
882,SeliMSharef,3182,71
883,Mahperi,3183,72
884,Alya,3184,73
885,SeyitAhmet,3185,74
886,Abdullatif,3186,75
887,SerdarKaan,3187,76
888,Ilgaz,3188,77
889,Gurbuz,3189,78
890,Fidan,3190,79
891,ElifBeyza,3191,80
892,HayriyeGul,3192,81
893,HanifeNur,3193,82
894,SalihaZeynep,3194,83
895,SalihaCanan,3195,84
896,YaseminErva,3196,85
897,SelinSila,3197,86
898,Okyanus,3198,87
899,Hulya,3199,88
900,Abdulsamet,3200,89
901,Necati,3201,90
902,ZeynepSenahan,3202,91
903,Haldun,3203,92
904,Ertug,3204,93
905,MehmetBugrahan,3205,94
906,Coskun,3206,95
907,Oguzcan,3207,96
908,oymen,3208,97
909,AhmetSencer,3209,98
910,KubilayBaris,3210,99
911,HasanBurak,3211,100
912,Tunca,3212,101
913,SalihaCanan,3213,102
914,Iptal,3214,103
915,Aysegul,3215,104
916,Meltem,3216,105
917,Hamit,3217,106
918,ElifEge,3218,107
919,KubilayBaris,3219,108
920,CemEfe,3220,109
921,BerfuIrem,3221,110
922,DorukDeniz,3222,111
923,MehmetGokalp,3223,112
924,Yuksel,3224,113
925,Abdulvahap,3225,114
926,Aygun,3226,115
927,Cemile,3227,116
928,Barin,3228,117
929,Neva,3229,118
930,AhmetHakki,3230,119
931,Isinbike,3231,120
932,MertCem,3232,121
933,Mimoza,3233,122
934,Sueda,3234,123
935,ErkDeha,3235,124
936,Busem,3236,125
937,DilsadNur,3237,126
938,MustafaFurkan,3238,127
939,KeremCahit,3239,128
940,HilalEbru,3240,129
941,ZekiYigithan,3241,130
942,Esim,3242,131
943,Pirilti,3243,132
944,AynurDilan,3244,133
945,Lokman,3245,134
946,EmirDogan,3246,135
947,Seren,3247,136
948,MuhammedSefa,3248,137
949,cilay,3249,138
950,DervisHaluk,3250,139
951,Hamit,3251,140
952,Sevginur,3252,141
953,Hayrunnisa,3253,142
954,Abdulbaki,3254,143
955,ZeynepSenahan,3255,144
956,EsatErdem,3256,145
957,Hamit,3257,146
958,ZeynepFigen,3258,147
959,MustafaTaha,3259,148
960,MahmutOnur,3260,149
961,NazimBerke,3261,150
962,AliAydin,3262,151
963,Emircan,3263,152
964,Barin,3264,153
965,Arca,3265,154
966,Ishak,3266,155
967,Efecan,3267,156
968,Sena,3268,157
969,SenaNur,3269,158
970,NazimBerke,3270,159
971,NecipFazil,3271,160
972,Necati,3272,161
973,Katya,3273,162
974,Tevfik,3274,163
975,Ibrahim,3275,164
976,Karanalp,3276,165
977,Ruhugul,3277,166
978,Cankiz,3278,167
979,cisem,3279,168
980,MustafaSefa,3280,169
981,MehmetBaris,3281,170
982,BurcinKubra,3282,171
983,ozgun,3283,172
984,Mahire,3284,173
985,Kazim,3285,174
986,Ezgin,3286,175
987,Lokman,3287,176
988,Hurel,3288,177
989,Hurel,3289,178
990,ElifFeyza,3290,179
991,ZeynepNihan,3291,180
992,Busem,3292,181
993,Omac,3293,182
994,Dincol,3294,183
995,AlperEmin,3295,184
996,AhmetYasin,3296,185
997,CemEfe,3297,186
998,Gunan,3298,187
999,ozgur,3299,188
1000,AyseNeslihan,3300,189
1001,Tilbe,3301,190
1002,HaticeBusra,3302,191
1003,Tacmin,3303,192
1004,ElifEtga,3304,193
1005,MustafaSamed,3305,194
1006,Dogangun,3306,195
1007,Nunazli,3307,196
1008,Mert,3308,197
1009,Memet,3309,198
1010,AliIsmail,3310,199
1011,MustafaBerkay,3311,200
1012,RamazanTarik,3312,201
1013,Daghan,3313,202
1014,Berrak,3314,203
1015,Furkan,3315,204
1016,Pekin,3316,205
1017,HaticeBusra,3317,206
1018,Hami,3318,207
1019,Erolozgur,3319,208
1020,ErkDeha,3320,209
1021,Sidar,3321,210
1022,Nihan,3322,211
1023,SefaKadir,3323,212
1024,Ertug,3324,213
1025,Selman,3325,214
1026,ElifFeyza,3326,215
1027,Cemile,3327,216
1028,Suna,3328,217
1029,Ilkim,3329,218
1030,Berguzar,3330,219
1031,Muhammeduzeyir,3331,220
1032,Mahire,3332,221
1033,AliAydin,3333,222
1034,MustafaBurhan,3334,223
1035,FatmaSena,3335,224
1036,Sevginur,3336,225
1037,MuhammedSefa,3337,226
1038,Nilufer,3338,227
1039,SelmaSimge,3339,228
1040,BagisCan,3340,229
1041,ElifEge,3341,230
1042,Abdullatif,3342,231
1043,Iptal,3343,232
1044,Alaatin,3344,233
1045,RubabeGokcen,3345,234
1046,SefaKadir,3346,235
1047,Berguzar,3347,236
1048,BehcetKutay,3348,237
1049,Barin,3349,238
1050,BerfinDilay,3350,239
1051,FaikAltug,3351,240
1052,Berguzar,3352,241
1053,IhsanVehbi,3353,242
1054,Bayulken,3354,243
1055,Busra,3355,244
1056,cisem,3356,245
1057,ZeynepSenahan,3357,246
1058,MehmetBugrahan,3358,247
1059,Doguscan,3359,248
1060,MuhammedSefa,3360,249
1061,Cevza,3361,250
1062,Sansal,3362,251
1063,cagriAtahan,3363,252
1064,AsliNur,3364,253
1065,Mehmet,3365,254
1066,Ayben,3366,255
1067,ozgur,3367,256
1068,Cevza,3368,257
1069,MertAlican,3369,258
1070,HuseyinZeyd,3370,259
1071,Behin,3371,260
1072,Vedia,3372,261
1073,Sidar,3373,262
1074,Sueda,3374,263
1075,MustafaTaha,3375,264
1076,Cankiz,3376,265
1077,Balin,3377,266
1078,Sevtap,3378,267
1079,Elanaz,3379,268
1080,Yucel,3380,269
1081,Muhammeduzeyir,3381,270
1082,Sahabettin,3382,271
1083,IhsanVehbi,3383,272
1084,OnurKerem,3384,273
1085,Melike,3385,274
1086,MehmetBaris,3386,275
1087,Esim,3387,276
1088,Abdulhalim,3388,277
1089,Behin,3389,278
1090,RumeysaIrem,3390,279
1091,Mayis,3391,280
1092,Nergiz,3392,281
1093,GulSena,3393,282
1094,Nunazli,3394,283
1095,umit,3395,284
1096,Ecren,3396,285
1097,MertAlican,3397,286
1098,ElifKevser,3398,287
1099,Busranur,3399,288
1100,Iltem,3400,289
1101,cagkan,3401,290
1102,Senay,3402,291
1103,cisilHazal,3403,292
1104,EmineSelcen,3404,293
1105,cilay,3405,294
1106,Berhudan,3406,295
1107,Sezer,3407,296
1108,HanifeNur,3408,297
1109,Busem,3409,298
1110,Aleda,3410,299
1111,MuhammedIkbal,3411,300
1112,Oguzcan,3412,301
1113,Didem,3413,302
1114,cisilHazal,3414,303
1115,Argun,3415,304
1116,Gokay,3416,305
1117,Argun,3417,306
1118,AynurDilan,3418,307
1119,Tacmin,3419,308
1120,YigitAlperen,3420,309
1121,Okbay,3421,310
1122,Vira,3422,311
1123,Argun,3423,312
1124,Mirac,3424,313
1125,Enver,3425,314
1126,Ilkin,3426,315
1127,HasanFahri,3427,316
1128,EgeSarp,3428,317
1129,Ridvan,3429,318
1130,DilsadNur,3430,319
1131,ElifBeyza,3431,320
1132,BurcinKubra,3432,321
1133,cagkan,3433,322
1134,Busranur,3434,323
1135,CanGuney,3435,324
1136,Sebiha,3436,325
1137,Koksal,3437,326
1138,Cevza,3438,327
1139,IbrahimHakki,3439,328
1140,AyseElif,3440,329
1141,Pekin,3441,330
1142,SalihaCanan,3442,331
1143,NecipFazil,3443,332
1144,Gulce,3444,333
1145,Hulya,3445,334
1146,Suheda,3446,335
1147,ZeynepSenahan,3447,336
1148,Aleda,3448,337
1149,Banuhan,3449,338
1150,MuhammetRasit,3450,339
1151,MustafaSamed,3451,340
1152,Vira,3452,341
1153,AhmetCan,3453,342
1154,GungorErkin,3454,343
1155,FatmaSena,3455,344
1156,YaseminErva,3456,345
1157,Seyit,3457,346
1158,IhsanVehbi,3458,347
1159,Alcicek,3459,348
1160,AsliNur,3460,349
1161,Ziya,3461,350
1162,ZeynepDoga,3462,351
1163,Almina,3463,352
1164,SadikCan,3464,353
1165,Demircan,3465,354
1166,Iptal,3466,355
1167,Ferdacan,3467,356
1168,AsliNur,3468,357
1169,Necati,3469,358
1170,Abdulvahap,3470,359
1171,Efecan,3471,360
1172,Hayrunnisa,3472,361
1173,Sevginur,3473,362
1174,FazilErem,3474,363
1175,AsliNur,3475,364
1176,AbdullahHalit,3476,365
1177,Balkin,3477,366
1178,oznur,3478,367
1179,UlucEmre,3479,368
1180,Adem,3480,369
1181,DilsadNur,3481,370
1182,MustafaBerkay,3482,371
1183,Ilke,3483,372
1184,Arca,3484,373
1185,Altan,3485,374
1186,GungorErkin,3486,375
1187,AyseNeslihan,3487,376
1188,BerfinDilay,3488,377
1189,Haldun,3489,378
1190,onel,3490,379
1191,Argun,3491,380
1192,SerdarKaan,3492,381
1193,Nihan,3493,382
1194,Benek,3494,383
1195,ozgen,3495,384
1196,cisilZeynep,3496,385
1197,ozalp,3497,386
1198,Balin,3498,387
1199,BuseGizem,3499,388
1200,Faik,3500,389
1201,SerdarKaan,3501,390
1202,Almina,3502,391
1203,AhmetCan,3503,392
1204,Enes,3504,393
1205,FaikAltug,3505,394
1206,TaylanRemzi,3506,395
1207,oymen,3507,396
1208,HaticeBusra,3508,397
1209,BagisCan,3509,398
1210,Elife,3510,399
1211,HaticeBusra,3511,400
1212,GungorErkin,3512,401
1213,Tilbe,3513,402
1214,AhmetMehdi,3514,403
